{"road_1_3_0": 393, "road_2_3_3": 326, "road_2_2_0": 367, "road_3_2_0": 364, "road_2_3_0": 345, "road_3_3_0": 302, "road_4_3_3": 298, "road_4_2_3": 307, "road_4_1_2": 293, "road_3_1_2": 322, "road_2_1_1": 298, "road_2_2_2": 268, "road_1_3_3": 320, "road_1_2_1": 344, "road_2_2_3": 348, "road_1_2_0": 403, "road_3_2_3": 302, "road_2_1_2": 350, "road_1_2_3": 346, "road_1_1_0": 366, "road_3_3_3": 315, "road_3_1_0": 332, "road_2_1_0": 325, "road_3_1_1": 264, "road_3_2_2": 248, "road_1_1_1": 347, "road_2_2_1": 289, "road_4_2_2": 243, "road_2_3_2": 284, "road_3_2_1": 274, "road_4_2_1": 280, "road_4_1_1": 260, "road_4_3_2": 277, "road_3_3_2": 290}